{
    "$schema": "https://schema.management.azure.com/schemas/2019-04-01/deploymentTemplate.json#",
    "contentVersion": "1.0.0.0",
    "parameters": {
        "sites_webapp_fe_name": {
            "defaultValue": "webapp-fe",
            "type": "String"
        },
        "components_webapp_fe_name": {
            "defaultValue": "webapp-fe",
            "type": "String"
        },
        "workspaces_DefaultWorkspace_c40ed92f_a745_4ad8_ba89_cfe39134ad4e_SE_externalid": {
            "defaultValue": "/subscriptions/c40ed92f-a745-4ad8-ba89-cfe39134ad4e/resourceGroups/DefaultResourceGroup-SE/providers/Microsoft.OperationalInsights/workspaces/DefaultWorkspace-c40ed92f-a745-4ad8-ba89-cfe39134ad4e-SE",
            "type": "String"
        },
        "serverfarms_asp_Simpleweb01_externalid": {
            "defaultValue": "/subscriptions/c40ed92f-a745-4ad8-ba89-cfe39134ad4e/resourceGroups/gtm-tech-archi-rg-simpleweb01/providers/Microsoft.Web/serverfarms/asp-Simpleweb01",
            "type": "String"
        }
    },
    "variables": {},
    "resources": [
        {
            "type": "microsoft.insights/components",
            "apiVersion": "2020-02-02",
            "name": "[parameters('components_webapp_fe_name')]",
            "location": "koreacentral",
            "kind": "web",
            "properties": {
                "Application_Type": "web",
                "Flow_Type": "Redfield",
                "Request_Source": "IbizaWebAppExtensionCreate",
                "RetentionInDays": 90,
                "WorkspaceResourceId": "[parameters('workspaces_DefaultWorkspace_c40ed92f_a745_4ad8_ba89_cfe39134ad4e_SE_externalid')]",
                "IngestionMode": "LogAnalytics",
                "publicNetworkAccessForIngestion": "Enabled",
                "publicNetworkAccessForQuery": "Enabled"
            }
        },
        {
            "type": "Microsoft.Web/sites",
            "apiVersion": "2024-04-01",
            "name": "[parameters('sites_webapp_fe_name')]",
            "location": "Korea Central",
            "tags": {
                "hidden-link: /app-insights-resource-id": "/subscriptions/c40ed92f-a745-4ad8-ba89-cfe39134ad4e/resourceGroups/handson-rg-bas-01/providers/microsoft.insights/components/webapp-fe",
                "hidden-link: /app-insights-instrumentation-key": "412214c8-77f4-43d5-a129-0e98a4f1ef4e",
                "hidden-link: /app-insights-conn-string": "InstrumentationKey=412214c8-77f4-43d5-a129-0e98a4f1ef4e;IngestionEndpoint=https://koreacentral-0.in.applicationinsights.azure.com/;LiveEndpoint=https://koreacentral.livediagnostics.monitor.azure.com/;ApplicationId=3c22a280-7aaf-4642-98b3-9d89d68e0549"
            },
            "kind": "app,linux",
            "properties": {
                "enabled": true,
                "hostNameSslStates": [
                    {
                        "name": "[concat(parameters('sites_webapp_fe_name'), '-bkara2escsbqdygg.koreacentral-01.azurewebsites.net')]",
                        "sslState": "Disabled",
                        "hostType": "Standard"
                    },
                    {
                        "name": "[concat(parameters('sites_webapp_fe_name'), '-bkara2escsbqdygg.scm.koreacentral-01.azurewebsites.net')]",
                        "sslState": "Disabled",
                        "hostType": "Repository"
                    }
                ],
                "serverFarmId": "[parameters('serverfarms_asp_Simpleweb01_externalid')]",
                "reserved": true,
                "isXenon": false,
                "hyperV": false,
                "dnsConfiguration": {},
                "vnetRouteAllEnabled": false,
                "vnetImagePullEnabled": false,
                "vnetContentShareEnabled": false,
                "siteConfig": {
                    "numberOfWorkers": 1,
                    "linuxFxVersion": "NODE|22-lts",
                    "acrUseManagedIdentityCreds": false,
                    "alwaysOn": true,
                    "http20Enabled": false,
                    "functionAppScaleLimit": 0,
                    "minimumElasticInstanceCount": 0
                },
                "scmSiteAlsoStopped": false,
                "clientAffinityEnabled": false,
                "clientCertEnabled": false,
                "clientCertMode": "Required",
                "hostNamesDisabled": false,
                "ipMode": "IPv4",
                "vnetBackupRestoreEnabled": false,
                "customDomainVerificationId": "0797C2B5BA3D343C7B38935CD454FD631D76328DFFA01C58ACEBA9F09D301EA5",
                "containerSize": 0,
                "dailyMemoryTimeQuota": 0,
                "httpsOnly": true,
                "endToEndEncryptionEnabled": false,
                "redundancyMode": "None",
                "publicNetworkAccess": "Enabled",
                "storageAccountRequired": false,
                "keyVaultReferenceIdentity": "SystemAssigned",
                "autoGeneratedDomainNameLabelScope": "TenantReuse"
            }
        },
        {
            "type": "microsoft.insights/components/ProactiveDetectionConfigs",
            "apiVersion": "2018-05-01-preview",
            "name": "[concat(parameters('components_webapp_fe_name'), '/degradationindependencyduration')]",
            "location": "koreacentral",
            "dependsOn": [
                "[resourceId('microsoft.insights/components', parameters('components_webapp_fe_name'))]"
            ],
            "properties": {
                "ruleDefinitions": {
                    "Name": "degradationindependencyduration",
                    "DisplayName": "Degradation in dependency duration",
                    "Description": "Smart Detection rules notify you of performance anomaly issues.",
                    "HelpUrl": "https://docs.microsoft.com/en-us/azure/application-insights/app-insights-proactive-performance-diagnostics",
                    "IsHidden": false,
                    "IsEnabledByDefault": true,
                    "IsInPreview": false,
                    "SupportsEmailNotifications": true
                },
                "enabled": true,
                "sendEmailsToSubscriptionOwners": true,
                "customEmails": []
            }
        },
        {
            "type": "microsoft.insights/components/ProactiveDetectionConfigs",
            "apiVersion": "2018-05-01-preview",
            "name": "[concat(parameters('components_webapp_fe_name'), '/degradationinserverresponsetime')]",
            "location": "koreacentral",
            "dependsOn": [
                "[resourceId('microsoft.insights/components', parameters('components_webapp_fe_name'))]"
            ],
            "properties": {
                "ruleDefinitions": {
                    "Name": "degradationinserverresponsetime",
                    "DisplayName": "Degradation in server response time",
                    "Description": "Smart Detection rules notify you of performance anomaly issues.",
                    "HelpUrl": "https://docs.microsoft.com/en-us/azure/application-insights/app-insights-proactive-performance-diagnostics",
                    "IsHidden": false,
                    "IsEnabledByDefault": true,
                    "IsInPreview": false,
                    "SupportsEmailNotifications": true
                },
                "enabled": true,
                "sendEmailsToSubscriptionOwners": true,
                "customEmails": []
            }
        },
        {
            "type": "microsoft.insights/components/ProactiveDetectionConfigs",
            "apiVersion": "2018-05-01-preview",
            "name": "[concat(parameters('components_webapp_fe_name'), '/digestMailConfiguration')]",
            "location": "koreacentral",
            "dependsOn": [
                "[resourceId('microsoft.insights/components', parameters('components_webapp_fe_name'))]"
            ],
            "properties": {
                "ruleDefinitions": {
                    "Name": "digestMailConfiguration",
                    "DisplayName": "Digest Mail Configuration",
                    "Description": "This rule describes the digest mail preferences",
                    "HelpUrl": "www.homail.com",
                    "IsHidden": true,
                    "IsEnabledByDefault": true,
                    "IsInPreview": false,
                    "SupportsEmailNotifications": true
                },
                "enabled": true,
                "sendEmailsToSubscriptionOwners": true,
                "customEmails": []
            }
        },
        {
            "type": "microsoft.insights/components/ProactiveDetectionConfigs",
            "apiVersion": "2018-05-01-preview",
            "name": "[concat(parameters('components_webapp_fe_name'), '/extension_billingdatavolumedailyspikeextension')]",
            "location": "koreacentral",
            "dependsOn": [
                "[resourceId('microsoft.insights/components', parameters('components_webapp_fe_name'))]"
            ],
            "properties": {
                "ruleDefinitions": {
                    "Name": "extension_billingdatavolumedailyspikeextension",
                    "DisplayName": "Abnormal rise in daily data volume (preview)",
                    "Description": "This detection rule automatically analyzes the billing data generated by your application, and can warn you about an unusual increase in your application's billing costs",
                    "HelpUrl": "https://github.com/Microsoft/ApplicationInsights-Home/tree/master/SmartDetection/billing-data-volume-daily-spike.md",
                    "IsHidden": false,
                    "IsEnabledByDefault": true,
                    "IsInPreview": true,
                    "SupportsEmailNotifications": false
                },
                "enabled": true,
                "sendEmailsToSubscriptionOwners": true,
                "customEmails": []
            }
        },
        {
            "type": "microsoft.insights/components/ProactiveDetectionConfigs",
            "apiVersion": "2018-05-01-preview",
            "name": "[concat(parameters('components_webapp_fe_name'), '/extension_canaryextension')]",
            "location": "koreacentral",
            "dependsOn": [
                "[resourceId('microsoft.insights/components', parameters('components_webapp_fe_name'))]"
            ],
            "properties": {
                "ruleDefinitions": {
                    "Name": "extension_canaryextension",
                    "DisplayName": "Canary extension",
                    "Description": "Canary extension",
                    "HelpUrl": "https://github.com/Microsoft/ApplicationInsights-Home/blob/master/SmartDetection/",
                    "IsHidden": true,
                    "IsEnabledByDefault": true,
                    "IsInPreview": true,
                    "SupportsEmailNotifications": false
                },
                "enabled": true,
                "sendEmailsToSubscriptionOwners": true,
                "customEmails": []
            }
        },
        {
            "type": "microsoft.insights/components/ProactiveDetectionConfigs",
            "apiVersion": "2018-05-01-preview",
            "name": "[concat(parameters('components_webapp_fe_name'), '/extension_exceptionchangeextension')]",
            "location": "koreacentral",
            "dependsOn": [
                "[resourceId('microsoft.insights/components', parameters('components_webapp_fe_name'))]"
            ],
            "properties": {
                "ruleDefinitions": {
                    "Name": "extension_exceptionchangeextension",
                    "DisplayName": "Abnormal rise in exception volume (preview)",
                    "Description": "This detection rule automatically analyzes the exceptions thrown in your application, and can warn you about unusual patterns in your exception telemetry.",
                    "HelpUrl": "https://github.com/Microsoft/ApplicationInsights-Home/blob/master/SmartDetection/abnormal-rise-in-exception-volume.md",
                    "IsHidden": false,
                    "IsEnabledByDefault": true,
                    "IsInPreview": true,
                    "SupportsEmailNotifications": false
                },
                "enabled": true,
                "sendEmailsToSubscriptionOwners": true,
                "customEmails": []
            }
        },
        {
            "type": "microsoft.insights/components/ProactiveDetectionConfigs",
            "apiVersion": "2018-05-01-preview",
            "name": "[concat(parameters('components_webapp_fe_name'), '/extension_memoryleakextension')]",
            "location": "koreacentral",
            "dependsOn": [
                "[resourceId('microsoft.insights/components', parameters('components_webapp_fe_name'))]"
            ],
            "properties": {
                "ruleDefinitions": {
                    "Name": "extension_memoryleakextension",
                    "DisplayName": "Potential memory leak detected (preview)",
                    "Description": "This detection rule automatically analyzes the memory consumption of each process in your application, and can warn you about potential memory leaks or increased memory consumption.",
                    "HelpUrl": "https://github.com/Microsoft/ApplicationInsights-Home/tree/master/SmartDetection/memory-leak.md",
                    "IsHidden": false,
                    "IsEnabledByDefault": true,
                    "IsInPreview": true,
                    "SupportsEmailNotifications": false
                },
                "enabled": true,
                "sendEmailsToSubscriptionOwners": true,
                "customEmails": []
            }
        },
        {
            "type": "microsoft.insights/components/ProactiveDetectionConfigs",
            "apiVersion": "2018-05-01-preview",
            "name": "[concat(parameters('components_webapp_fe_name'), '/extension_securityextensionspackage')]",
            "location": "koreacentral",
            "dependsOn": [
                "[resourceId('microsoft.insights/components', parameters('components_webapp_fe_name'))]"
            ],
            "properties": {
                "ruleDefinitions": {
                    "Name": "extension_securityextensionspackage",
                    "DisplayName": "Potential security issue detected (preview)",
                    "Description": "This detection rule automatically analyzes the telemetry generated by your application and detects potential security issues.",
                    "HelpUrl": "https://github.com/Microsoft/ApplicationInsights-Home/blob/master/SmartDetection/application-security-detection-pack.md",
                    "IsHidden": false,
                    "IsEnabledByDefault": true,
                    "IsInPreview": true,
                    "SupportsEmailNotifications": false
                },
                "enabled": true,
                "sendEmailsToSubscriptionOwners": true,
                "customEmails": []
            }
        },
        {
            "type": "microsoft.insights/components/ProactiveDetectionConfigs",
            "apiVersion": "2018-05-01-preview",
            "name": "[concat(parameters('components_webapp_fe_name'), '/extension_traceseveritydetector')]",
            "location": "koreacentral",
            "dependsOn": [
                "[resourceId('microsoft.insights/components', parameters('components_webapp_fe_name'))]"
            ],
            "properties": {
                "ruleDefinitions": {
                    "Name": "extension_traceseveritydetector",
                    "DisplayName": "Degradation in trace severity ratio (preview)",
                    "Description": "This detection rule automatically analyzes the trace logs emitted from your application, and can warn you about unusual patterns in the severity of your trace telemetry.",
                    "HelpUrl": "https://github.com/Microsoft/ApplicationInsights-Home/blob/master/SmartDetection/degradation-in-trace-severity-ratio.md",
                    "IsHidden": false,
                    "IsEnabledByDefault": true,
                    "IsInPreview": true,
                    "SupportsEmailNotifications": false
                },
                "enabled": true,
                "sendEmailsToSubscriptionOwners": true,
                "customEmails": []
            }
        },
        {
            "type": "microsoft.insights/components/ProactiveDetectionConfigs",
            "apiVersion": "2018-05-01-preview",
            "name": "[concat(parameters('components_webapp_fe_name'), '/longdependencyduration')]",
            "location": "koreacentral",
            "dependsOn": [
                "[resourceId('microsoft.insights/components', parameters('components_webapp_fe_name'))]"
            ],
            "properties": {
                "ruleDefinitions": {
                    "Name": "longdependencyduration",
                    "DisplayName": "Long dependency duration",
                    "Description": "Smart Detection rules notify you of performance anomaly issues.",
                    "HelpUrl": "https://docs.microsoft.com/en-us/azure/application-insights/app-insights-proactive-performance-diagnostics",
                    "IsHidden": false,
                    "IsEnabledByDefault": true,
                    "IsInPreview": false,
                    "SupportsEmailNotifications": true
                },
                "enabled": true,
                "sendEmailsToSubscriptionOwners": true,
                "customEmails": []
            }
        },
        {
            "type": "microsoft.insights/components/ProactiveDetectionConfigs",
            "apiVersion": "2018-05-01-preview",
            "name": "[concat(parameters('components_webapp_fe_name'), '/migrationToAlertRulesCompleted')]",
            "location": "koreacentral",
            "dependsOn": [
                "[resourceId('microsoft.insights/components', parameters('components_webapp_fe_name'))]"
            ],
            "properties": {
                "ruleDefinitions": {
                    "Name": "migrationToAlertRulesCompleted",
                    "DisplayName": "Migration To Alert Rules Completed",
                    "Description": "A configuration that controls the migration state of Smart Detection to Smart Alerts",
                    "HelpUrl": "https://docs.microsoft.com/en-us/azure/application-insights/app-insights-proactive-performance-diagnostics",
                    "IsHidden": true,
                    "IsEnabledByDefault": false,
                    "IsInPreview": true,
                    "SupportsEmailNotifications": false
                },
                "enabled": false,
                "sendEmailsToSubscriptionOwners": true,
                "customEmails": []
            }
        },
        {
            "type": "microsoft.insights/components/ProactiveDetectionConfigs",
            "apiVersion": "2018-05-01-preview",
            "name": "[concat(parameters('components_webapp_fe_name'), '/slowpageloadtime')]",
            "location": "koreacentral",
            "dependsOn": [
                "[resourceId('microsoft.insights/components', parameters('components_webapp_fe_name'))]"
            ],
            "properties": {
                "ruleDefinitions": {
                    "Name": "slowpageloadtime",
                    "DisplayName": "Slow page load time",
                    "Description": "Smart Detection rules notify you of performance anomaly issues.",
                    "HelpUrl": "https://docs.microsoft.com/en-us/azure/application-insights/app-insights-proactive-performance-diagnostics",
                    "IsHidden": false,
                    "IsEnabledByDefault": true,
                    "IsInPreview": false,
                    "SupportsEmailNotifications": true
                },
                "enabled": true,
                "sendEmailsToSubscriptionOwners": true,
                "customEmails": []
            }
        },
        {
            "type": "microsoft.insights/components/ProactiveDetectionConfigs",
            "apiVersion": "2018-05-01-preview",
            "name": "[concat(parameters('components_webapp_fe_name'), '/slowserverresponsetime')]",
            "location": "koreacentral",
            "dependsOn": [
                "[resourceId('microsoft.insights/components', parameters('components_webapp_fe_name'))]"
            ],
            "properties": {
                "ruleDefinitions": {
                    "Name": "slowserverresponsetime",
                    "DisplayName": "Slow server response time",
                    "Description": "Smart Detection rules notify you of performance anomaly issues.",
                    "HelpUrl": "https://docs.microsoft.com/en-us/azure/application-insights/app-insights-proactive-performance-diagnostics",
                    "IsHidden": false,
                    "IsEnabledByDefault": true,
                    "IsInPreview": false,
                    "SupportsEmailNotifications": true
                },
                "enabled": true,
                "sendEmailsToSubscriptionOwners": true,
                "customEmails": []
            }
        },
        {
            "type": "Microsoft.Web/sites/basicPublishingCredentialsPolicies",
            "apiVersion": "2024-04-01",
            "name": "[concat(parameters('sites_webapp_fe_name'), '/ftp')]",
            "location": "Korea Central",
            "dependsOn": [
                "[resourceId('Microsoft.Web/sites', parameters('sites_webapp_fe_name'))]"
            ],
            "tags": {
                "hidden-link: /app-insights-resource-id": "/subscriptions/c40ed92f-a745-4ad8-ba89-cfe39134ad4e/resourceGroups/handson-rg-bas-01/providers/microsoft.insights/components/webapp-fe",
                "hidden-link: /app-insights-instrumentation-key": "412214c8-77f4-43d5-a129-0e98a4f1ef4e",
                "hidden-link: /app-insights-conn-string": "InstrumentationKey=412214c8-77f4-43d5-a129-0e98a4f1ef4e;IngestionEndpoint=https://koreacentral-0.in.applicationinsights.azure.com/;LiveEndpoint=https://koreacentral.livediagnostics.monitor.azure.com/;ApplicationId=3c22a280-7aaf-4642-98b3-9d89d68e0549"
            },
            "properties": {
                "allow": false
            }
        },
        {
            "type": "Microsoft.Web/sites/basicPublishingCredentialsPolicies",
            "apiVersion": "2024-04-01",
            "name": "[concat(parameters('sites_webapp_fe_name'), '/scm')]",
            "location": "Korea Central",
            "dependsOn": [
                "[resourceId('Microsoft.Web/sites', parameters('sites_webapp_fe_name'))]"
            ],
            "tags": {
                "hidden-link: /app-insights-resource-id": "/subscriptions/c40ed92f-a745-4ad8-ba89-cfe39134ad4e/resourceGroups/handson-rg-bas-01/providers/microsoft.insights/components/webapp-fe",
                "hidden-link: /app-insights-instrumentation-key": "412214c8-77f4-43d5-a129-0e98a4f1ef4e",
                "hidden-link: /app-insights-conn-string": "InstrumentationKey=412214c8-77f4-43d5-a129-0e98a4f1ef4e;IngestionEndpoint=https://koreacentral-0.in.applicationinsights.azure.com/;LiveEndpoint=https://koreacentral.livediagnostics.monitor.azure.com/;ApplicationId=3c22a280-7aaf-4642-98b3-9d89d68e0549"
            },
            "properties": {
                "allow": false
            }
        },
        {
            "type": "Microsoft.Web/sites/config",
            "apiVersion": "2024-04-01",
            "name": "[concat(parameters('sites_webapp_fe_name'), '/web')]",
            "location": "Korea Central",
            "dependsOn": [
                "[resourceId('Microsoft.Web/sites', parameters('sites_webapp_fe_name'))]"
            ],
            "tags": {
                "hidden-link: /app-insights-resource-id": "/subscriptions/c40ed92f-a745-4ad8-ba89-cfe39134ad4e/resourceGroups/handson-rg-bas-01/providers/microsoft.insights/components/webapp-fe",
                "hidden-link: /app-insights-instrumentation-key": "412214c8-77f4-43d5-a129-0e98a4f1ef4e",
                "hidden-link: /app-insights-conn-string": "InstrumentationKey=412214c8-77f4-43d5-a129-0e98a4f1ef4e;IngestionEndpoint=https://koreacentral-0.in.applicationinsights.azure.com/;LiveEndpoint=https://koreacentral.livediagnostics.monitor.azure.com/;ApplicationId=3c22a280-7aaf-4642-98b3-9d89d68e0549"
            },
            "properties": {
                "numberOfWorkers": 1,
                "defaultDocuments": [
                    "Default.htm",
                    "Default.html",
                    "Default.asp",
                    "index.htm",
                    "index.html",
                    "iisstart.htm",
                    "default.aspx",
                    "index.php",
                    "hostingstart.html"
                ],
                "netFrameworkVersion": "v4.0",
                "linuxFxVersion": "NODE|22-lts",
                "requestTracingEnabled": false,
                "remoteDebuggingEnabled": false,
                "httpLoggingEnabled": false,
                "acrUseManagedIdentityCreds": false,
                "logsDirectorySizeLimit": 35,
                "detailedErrorLoggingEnabled": false,
                "publishingUsername": "REDACTED",
                "scmType": "None",
                "use32BitWorkerProcess": true,
                "webSocketsEnabled": false,
                "alwaysOn": true,
                "managedPipelineMode": "Integrated",
                "virtualApplications": [
                    {
                        "virtualPath": "/",
                        "physicalPath": "site\\wwwroot",
                        "preloadEnabled": true
                    }
                ],
                "loadBalancing": "LeastRequests",
                "experiments": {
                    "rampUpRules": []
                },
                "autoHealEnabled": false,
                "vnetRouteAllEnabled": false,
                "vnetPrivatePortsCount": 0,
                "publicNetworkAccess": "Enabled",
                "localMySqlEnabled": false,
                "ipSecurityRestrictions": [
                    {
                        "ipAddress": "Any",
                        "action": "Allow",
                        "priority": 2147483647,
                        "name": "Allow all",
                        "description": "Allow all access"
                    }
                ],
                "scmIpSecurityRestrictions": [
                    {
                        "ipAddress": "Any",
                        "action": "Allow",
                        "priority": 2147483647,
                        "name": "Allow all",
                        "description": "Allow all access"
                    }
                ],
                "scmIpSecurityRestrictionsUseMain": false,
                "http20Enabled": false,
                "minTlsVersion": "1.2",
                "scmMinTlsVersion": "1.2",
                "ftpsState": "FtpsOnly",
                "preWarmedInstanceCount": 0,
                "elasticWebAppScaleLimit": 0,
                "functionsRuntimeScaleMonitoringEnabled": false,
                "minimumElasticInstanceCount": 0,
                "azureStorageAccounts": {}
            }
        },
        {
            "type": "Microsoft.Web/sites/hostNameBindings",
            "apiVersion": "2024-04-01",
            "name": "[concat(parameters('sites_webapp_fe_name'), '/', parameters('sites_webapp_fe_name'), '-bkara2escsbqdygg.koreacentral-01.azurewebsites.net')]",
            "location": "Korea Central",
            "dependsOn": [
                "[resourceId('Microsoft.Web/sites', parameters('sites_webapp_fe_name'))]"
            ],
            "properties": {
                "siteName": "webapp-fe",
                "hostNameType": "Verified"
            }
        }
    ]
}